from_frame,to_frame,fen
44,44,rnbqkbnr/pppppppp/8/8/8/8/PPPPPPPP/RNBQKBNR
528,528,rnbqkbnr/pppppppp/8/8/3P4/8/PPP1PPPP/RNBQKBNR
548,548,rnbqkb1r/pppppppp/5n2/8/3P4/8/PPP1PPPP/RNBQKBNR
584,584,rnbqkb1r/pppppppp/5n2/6B1/3P4/8/PPP1PPPP/RN1QKBNR
664,664,rnbqkb1r/pp1ppppp/5n2/2p3B1/3P4/8/PPP1PPPP/RN1QKBNR
724,724,rnbqkb1r/pp1ppppp/5B2/2p5/3P4/8/PPP1PPPP/RN1QKBNR
752,752,rnbqkb1r/pp1p1ppp/5p2/2p5/3P4/8/PPP1PPPP/RN1QKBNR
1240,1240,rnbqkb1r/pp1p1ppp/5p2/2pP4/8/8/PPP1PPPP/RN1QKBNR
1332,1332,rnbqkb1r/pp1p1p1p/5pp1/2pP4/8/8/PPP1PPPP/RN1QKBNR
1372,1372,rnbqkb1r/pp1p1p1p/5pp1/2pP4/2P5/8/PP2PPPP/RN1QKBNR
1412,1412,rnbqk2r/pp1p1pbp/5pp1/2pP4/2P5/8/PP2PPPP/RN1QKBNR
1444,1444,rnbqk2r/pp1p1pbp/5pp1/2pP4/2P5/2N5/PP2PPPP/R2QKBNR
1656,1656,rnbq1rk1/pp1p1pbp/5pp1/2pP4/2P5/2N5/PP2PPPP/R2QKBNR
1840,1840,rnbq1rk1/pp1p1pbp/5pp1/2pP4/2P5/2N1P3/PP3PPP/R2QKBNR
1908,1908,rnbq1rk1/pp1p1pbp/6p1/2pP1p2/2P5/2N1P3/PP3PPP/R2QKBNR
2360,2360,rnbq1rk1/pp1p1pbp/6p1/2pP1p2/2P5/2N1P1P1/PP3P1P/R2QKBNR
2472,2472,rnbq1rk1/pp3pbp/3p2p1/2pP1p2/2P5/2N1P1P1/PP3P1P/R2QKBNR
2516,2516,rnbq1rk1/pp3pbp/3p2p1/2pP1p2/2P5/2N1P1P1/PP3PBP/R2QK1NR
2552,2552,rnbq1rk1/p4pbp/3p2p1/1ppP1p2/2P5/2N1P1P1/PP3PBP/R2QK1NR
2852,2852,rnbq1rk1/p4pbp/3p2p1/1PpP1p2/8/2N1P1P1/PP3PBP/R2QK1NR
2880,2880,rnbq1rk1/5pbp/p2p2p1/1PpP1p2/8/2N1P1P1/PP3PBP/R2QK1NR
2924,2924,rnbq1rk1/5pbp/P2p2p1/2pP1p2/8/2N1P1P1/PP3PBP/R2QK1NR
3100,3100,rn1q1rk1/5pbp/b2p2p1/2pP1p2/8/2N1P1P1/PP3PBP/R2QK1NR
3140,3140,rn1q1rk1/5pbp/b2p2p1/2pP1p2/8/2N1P1P1/PP2NPBP/R2QK2R
3264,3264,r2q1rk1/3n1pbp/b2p2p1/2pP1p2/8/2N1P1P1/PP2NPBP/R2QK2R
3720,3720,r2q1rk1/3n1pbp/b2p2p1/2pP1p2/8/2N1P1P1/PP2NPBP/R2Q1RK1
3788,3788,r2q1rk1/5pbp/b2p2p1/2pPnp2/8/2N1P1P1/PP2NPBP/R2Q1RK1
4168,4168,r2q1rk1/5pbp/b2p2p1/2pPnp2/8/2N1P1P1/PPQ1NPBP/R4RK1
4264,4264,r4rk1/5pbp/b2p2p1/q1pPnp2/8/2N1P1P1/PPQ1NPBP/R4RK1
4604,4604,r4rk1/5pbp/b2p2p1/q1pPnp2/8/2N1P1P1/PPQ1NPBP/R2R2K1
4752,4752,r4rk1/5pbp/b2p2p1/q1pP1p2/2n5/2N1P1P1/PPQ1NPBP/R2R2K1
5160,5160,r4rk1/5pbp/b2p2p1/q1pP1p2/2n5/2N1P1P1/PPQ1NPBP/2RR2K1
5560,5560,r4rk1/5pbp/b2p2p1/q1pP1p2/8/2N1P1P1/PnQ1NPBP/2RR2K1
5792,5792,r4rk1/5pbp/b2p2p1/q1pP1p2/8/2N1P1P1/PQ2NPBP/2RR2K1
5828,5828,r4rk1/5pbp/3p2p1/q1pP1p2/8/2N1P1P1/PQ2bPBP/2RR2K1
6280,6280,r4rk1/5pbp/3p2p1/q1pP1p2/8/2N1P1P1/P3QPBP/2RR2K1
6320,6320,r4rk1/5p1p/3p2p1/q1pP1p2/8/2b1P1P1/P3QPBP/2RR2K1
6640,6640,r4rk1/5p1p/3p2p1/q1pP1p2/7P/2b1P1P1/P3QPB1/2RR2K1
6956,6956,r4rk1/5p1p/3p2p1/q1pPbp2/7P/4P1P1/P3QPB1/2RR2K1
7196,7196,r4rk1/5p1p/3p2p1/q1pPbp2/7P/4P1P1/P1R1QPB1/3R2K1
7236,7236,rr4k1/5p1p/3p2p1/q1pPbp2/7P/4P1P1/P1R1QPB1/3R2K1
7436,7436,rr4k1/5p1p/3p2p1/q1pPbp1P/8/4P1P1/P1R1QPB1/3R2K1
7544,7544,rr4k1/5p1p/q2p2p1/2pPbp1P/8/4P1P1/P1R1QPB1/3R2K1
8600,8600,rr4k1/5p1p/Q2p2p1/2pPbp1P/8/4P1P1/P1R2PB1/3R2K1
8620,8620,1r4k1/5p1p/r2p2p1/2pPbp1P/8/4P1P1/P1R2PB1/3R2K1
8652,8652,1r4k1/5p1p/r2p2P1/2pPbp2/8/4P1P1/P1R2PB1/3R2K1
9020,9020,1r4k1/7p/r2p2p1/2pPbp2/8/4P1P1/P1R2PB1/3R2K1
9308,9308,1r4k1/7p/r2p2p1/2pPbp2/8/4P1P1/P1R2P2/3R1BK1
9332,9332,1r4k1/7p/3p2p1/2pPbp2/8/r3P1P1/P1R2P2/3R1BK1
9500,9500,1r4k1/7p/3p2p1/2pPbp2/8/r2RP1P1/P1R2P2/5BK1
11108,11108,1r4k1/7p/3p2p1/2pPbp2/8/3rP1P1/P1R2P2/5BK1
11152,11152,1r4k1/7p/3p2p1/2pPbp2/8/3BP1P1/P1R2P2/6K1
11364,11364,1r6/5k1p/3p2p1/2pPbp2/8/3BP1P1/P1R2P2/6K1
11488,11488,1r6/5k1p/3p2p1/2pPbp2/8/3BP1P1/P1R2PK1/8
11884,11884,8/5k1p/3p2p1/2pPbp2/8/3BP1P1/P1R2PK1/1r6
13728,13728,8/5k1p/3p2p1/2pPbp2/P7/3BP1P1/2R2PK1/1r6
14008,14008,8/5k1p/3p2p1/2pPbp2/P7/3BP1P1/2R2PK1/r7
14124,14124,8/5k1p/3p2p1/1BpPbp2/P7/4P1P1/2R2PK1/r7
14148,14148,8/4k2p/3p2p1/1BpPbp2/P7/4P1P1/2R2PK1/r7
14872,14872,8/4k2p/3p2p1/1BpPbp2/P7/4P1P1/3R1PK1/r7
14972,14972,3k4/7p/3p2p1/1BpPbp2/P7/4P1P1/3R1PK1/r7
15364,15364,3k4/7p/3p2p1/1BpPbp2/P7/4P1P1/4RPK1/r7
17528,17528,8/2k4p/3p2p1/1BpPbp2/P7/4P1P1/4RPK1/r7
18124,18124,8/2k4p/3p2p1/1BpPbp2/P4P2/4P1P1/4R1K1/r7
18568,18568,8/2k4p/3p2p1/1BpP1p2/P4P2/2b1P1P1/4R1K1/r7
18764,18764,8/2k4p/3p2p1/1BpP1p2/P3PP2/2b3P1/4R1K1/r7
18928,18928,8/2k4p/3p2p1/1BpP1p2/P3PP2/2b3P1/4R1K1/3r4
20172,20172,8/2k4p/3p2p1/1BpPPp2/P4P2/2b3P1/4R1K1/3r4
24528,24528,8/2k4p/6p1/1BpPpp2/P4P2/2b3P1/4R1K1/3r4
24560,24560,8/2k4p/6p1/1BpPPp2/P7/2b3P1/4R1K1/3r4
24600,24600,8/2k4p/6p1/1BprPp2/P7/2b3P1/4R1K1/8
24684,24684,8/2k4p/4P1p1/1Bpr1p2/P7/2b3P1/4R1K1/8
27424,27424,8/2k4p/4Pbp1/1Bpr1p2/P7/6P1/4R1K1/8
24756,24756,8/2k1P2p/5bp1/1Bpr1p2/P7/6P1/4R1K1/8
24772,24772,8/2k1b2p/6p1/1Bpr1p2/P7/6P1/4R1K1/8
24796,24796,8/2k1R2p/6p1/1Bpr1p2/P7/6P1/6K1/8
24812,24812,8/4R2p/1k4p1/1Bpr1p2/P7/6P1/6K1/8
25004,25004,8/7R/1k4p1/1Bpr1p2/P7/6P1/6K1/8
25024,25024,8/7R/6p1/kBpr1p2/P7/6P1/6K1/8
25284,25284,8/6R1/6p1/kBpr1p2/P7/6P1/6K1/8
25744,25744,8/6R1/3r2p1/kBp2p2/P7/6P1/6K1/8
27140,27140,4B3/6R1/3r2p1/k1p2p2/P7/6P1/6K1/8
28056,28056,4B3/6R1/3r2p1/k4p2/P1p5/6P1/6K1/8
28228,28228,8/6R1/3r2B1/k4p2/P1p5/6P1/6K1/8
28852,28852,8/6R1/5rB1/k4p2/P1p5/6P1/6K1/8
29860,29860,4B3/6R1/5r2/k4p2/P1p5/6P1/6K1/8
29960,29960,4B3/6R1/5r2/k4p2/P7/2p3P1/6K1/8
30000,30000,4B3/2R5/5r2/k4p2/P7/2p3P1/6K1/8
30036,30036,4B3/2R5/5r2/5p2/Pk6/2p3P1/6K1/8
31272,31272,4B3/2R5/5r2/5p2/Pk6/2p3P1/5K2/8
31428,31428,4B3/2R5/5r2/5p2/P7/1kp3P1/5K2/8
31960,31960,8/2R5/5r2/1B3p2/P7/1kp3P1/5K2/8
32060,32060,8/2R5/3r4/1B3p2/P7/1kp3P1/5K2/8
32120,32120,8/2R5/3r4/1B3p2/P7/1kp1K1P1/8/8
32488,32488,8/2R5/4r3/1B3p2/P7/1kp1K1P1/8/8
32852,32852,8/2R5/4r3/1B3p2/P2K4/1kp3P1/8/8
32988,32988,8/2R5/3r4/1B3p2/P2K4/1kp3P1/8/8
33260,33260,8/2R5/3r4/1B3p2/P7/1kp1K1P1/8/8
33416,33416,8/2R5/4r3/1B3p2/P7/1kp1K1P1/8/8
33636,33636,8/2R5/4r3/1B3p2/P7/1kp2KP1/8/8
34084,34084,8/2R5/3r4/1B3p2/P7/1kp2KP1/8/8
34412,34412,8/2R5/3r4/PB3p2/8/1kp2KP1/8/8
34352,34352,8/2R5/3r4/PB3p2/8/1k3KP1/2p5/8
34436,34436,8/2R5/P2r4/1B3p2/8/1k3KP1/2p5/8
34536,34536,8/2R5/P2r4/1B3p2/8/5KP1/1kp5/8
34576,34576,8/P1R5/3r4/1B3p2/8/5KP1/1kp5/8
34592,34592,3r4/P1R5/8/1B3p2/8/5KP1/1kp5/8
34668,34668,3r4/P7/8/1B3p2/8/5KP1/1kR5/8
34668,34668,3r4/P7/8/1B3p2/8/5KP1/2k5/8
34708,34708,3r4/P7/2B5/5p2/8/5KP1/2k5/8
